cod_ibge;municipio;estrato;cr
3100104;ABADIA DOS DOURADOS;6;Patrocínio
3100203;ABAETÉ;3;Bambuí
3100302;ABRE CAMPO;4;Viçosa
3100401;ACAIACA;4;Viçosa
3100500;AÇUCENA;3;Guanhaes
3100609;ÁGUA BOA;3;Guanhaes
3100708;ÁGUA COMPRIDA;7;Uberaba
3100807;AGUANIL;3;Oliveira
3100906;ÁGUAS FORMOSAS;1;Teófilo Otoni
3101003;ÁGUAS VERMELHAS;1;Almenara
3101102;AIMORÉS;2;Governador Valadares
3101201;AIURUOCA;5;Varginha
3101300;ALAGOA;5;Varginha
3101508;ALÉM PARAÍBA;4;Juiz de Fora
3101409;ALBERTINA;5;Pouso Alegre
3101607;ALFENAS;5;Passos
3101631;ALFREDO VASCONCELOS;3;Juiz de Fora
3101706;ALMENARA;1;Almenara
3101805;ALPERCATA;2;Governador Valadares
3101904;ALPINÓPOLIS;5;Passos
3102001;ALTEROSA;5;Passos
3102050;ALTO CAPARAÓ;4;Viçosa
3102100;ALTO RIO DOCE;4;Juiz de Fora
3102209;ALVARENGA;2;Governador Valadares
3102308;ALVINÓPOLIS;4;Viçosa
3102407;ALVORADA DE MINAS;3;Curvelo
3102506;AMPARO DA SERRA;4;Viçosa
3102605;ANDRADAS;5;Pouso Alegre
3102704;CACHOEIRA DE PAJEÚ;1;Almenara
3102803;ANDRELÂNDIA;5;Varginha
3102852;ANGELÂNDIA;3;Guanhaes
3102902;ANTÔNIO CARLOS;3;Juiz de Fora
3103009;ANTÔNIO DIAS;3;Governador Valadares
3103108;ANTÔNIO PRADO DE MINAS;4;Viçosa
3103207;ARAÇAÍ;3;Curvelo
3103306;ARACITABA;4;Juiz de Fora
3103405;ARAÇUAÍ;1;Almenara
3103504;ARAGUARI;7;Uberlândia
3103603;ARANTINA;4;Juiz de Fora
3103702;ARAPONGA;4;Viçosa
3103751;ARAPORÃ;7;Uberlândia
3103801;ARAPUÁ;6;Patos de Minas
3103900;ARAÚJOS;3;Bambuí
3104007;ARAXÁ;6;Uberaba
3104106;ARCEBURGO;5;Passos
3104205;ARCOS;3;Bambuí
3104304;AREADO;5;Passos
3104403;ARGIRITA;4;Juiz de Fora
3104452;ARICANDUVA;3;Guanhaes
3104502;ARINOS;1;Unaí
3104601;ASTOLFO DUTRA;4;Juiz de Fora
3104700;ATALÉIA;2;Teófilo Otoni
3104809;AUGUSTO DE LIMA;1;Curvelo
3104908;BAEPENDI;5;Varginha
3105004;BALDIM;3;Belo Horizonte
3105103;BAMBUÍ;3;Bambuí
3105202;BANDEIRA;1;Almenara
3105301;BANDEIRA DO SUL;5;Passos
3105400;BARÃO DE COCAIS;3;Belo Horizonte
3105509;BARÃO DE MONTE ALTO;4;Viçosa
3105608;BARBACENA;3;Juiz de Fora
3105707;BARRA LONGA;4;Viçosa
3105905;BARROSO;3;Juiz de Fora
3106002;BELA VISTA DE MINAS;4;Viçosa
3106101;BELMIRO BRAGA;4;Juiz de Fora
3106200;BELO HORIZONTE;3;Belo Horizonte
3106309;BELO ORIENTE;3;Governador Valadares
3106408;BELO VALE;3;Belo Horizonte
3106507;BERILO;1;Almenara
3106606;BERTÓPOLIS;1;Teófilo Otoni
3106655;BERIZAL;1;Montes Claros
3106705;BETIM;3;Belo Horizonte
3106804;BIAS FORTES;4;Juiz de Fora
3106903;BICAS;4;Juiz de Fora
3107000;BIQUINHAS;3;Bambuí
3107109;BOA ESPERANÇA;5;Oliveira
3107208;BOCAINA DE MINAS;4;Juiz de Fora
3107307;BOCAIÚVA;1;Montes Claros
3107406;BOM DESPACHO;3;Bambuí
3107505;BOM JARDIM DE MINAS;4;Juiz de Fora
3107604;BOM JESUS DA PENHA;5;Passos
3107703;BOM JESUS DO AMPARO;3;Belo Horizonte
3107802;BOM JESUS DO GALHO;3;Governador Valadares
3107901;BOM REPOUSO;5;Pouso Alegre
3108008;BOM SUCESSO;3;Oliveira
3108107;BONFIM;3;Oliveira
3108206;BONFINÓPOLIS DE MINAS;1;Unaí
3108255;BONITO DE MINAS;1;Montes Claros
3108305;BORDA DA MATA;5;Pouso Alegre
3108404;BOTELHOS;5;Passos
3108503;BOTUMIRIM;1;Montes Claros
3108552;BRASILÂNDIA DE MINAS;1;Unaí
3108602;BRASÍLIA DE MINAS;1;Montes Claros
3108701;BRÁS PIRES;4;Juiz de Fora
3108800;BRAÚNAS;3;Guanhaes
3108909;BRASÓPOLIS;5;Pouso Alegre
3109006;BRUMADINHO;3;Belo Horizonte
3109105;BUENO BRANDÃO;5;Pouso Alegre
3109204;BUENÓPOLIS;1;Curvelo
3109253;BUGRE;3;Governador Valadares
3109303;BURITIS;1;Unaí
3109402;BURITIZEIRO;1;Curvelo
3109451;CABECEIRA GRANDE;1;Unaí
3109501;CABO VERDE;5;Passos
3109600;CACHOEIRA DA PRATA;3;Belo Horizonte
3109709;CACHOEIRA DE MINAS;5;Pouso Alegre
3109808;CACHOEIRA DOURADA;7;Uberlândia
3109907;CAETANÓPOLIS;3;Curvelo
3110004;CAETÉ;3;Belo Horizonte
3110103;CAIANA;4;Viçosa
3110202;CAJURI;4;Viçosa
3110301;CALDAS;5;Pouso Alegre
3110400;CAMACHO;3;Oliveira
3110509;CAMANDUCAIA;5;Pouso Alegre
3110608;CAMBUÍ;5;Pouso Alegre
3110707;CAMBUQUIRA;5;Varginha
3110806;CAMPANÁRIO;2;Teófilo Otoni
3110905;CAMPANHA;5;Varginha
3111002;CAMPESTRE;5;Passos
3111101;CAMPINA VERDE;7;Uberlândia
3111150;CAMPO AZUL;1;Montes Claros
3111200;CAMPO BELO;3;Oliveira
3111309;CAMPO DO MEIO;5;Oliveira
3111408;CAMPO FLORIDO;7;Uberaba
3111507;CAMPOS ALTOS;6;Patos de Minas
3111606;CAMPOS GERAIS;5;Varginha
3111705;CANAÃ;4;Viçosa
3111804;CANÁPOLIS;7;Uberlândia
3111903;CANA VERDE;3;Oliveira
3112000;CANDEIAS;3;Oliveira
3112059;CANTAGALO;2;Guanhaes
3112109;CAPARAÓ;4;Viçosa
3112208;CAPELA NOVA;3;Juiz de Fora
3112307;CAPELINHA;3;Guanhaes
3112406;CAPETINGA;5;Passos
3112505;CAPIM BRANCO;3;Belo Horizonte
3112604;CAPINÓPOLIS;7;Uberlândia
3112653;CAPITÃO ANDRADE;2;Governador Valadares
3112703;CAPITÃO ENÉAS;1;Montes Claros
3112802;CAPITÓLIO;3;Passos
3112901;CAPUTIRA;4;Viçosa
3113008;CARAÍ;2;Teófilo Otoni
3113107;CARANAÍBA;3;Juiz de Fora
3113206;CARANDAÍ;3;Juiz de Fora
3113305;CARANGOLA;4;Viçosa
3113404;CARATINGA;3;Governador Valadares
3113503;CARBONITA;3;Guanhaes
3113602;CAREAÇU;5;Varginha
3113701;CARLOS CHAGAS;2;Teófilo Otoni
3113800;CARMÉSIA;3;Guanhaes
3113909;CARMO DA CACHOEIRA;5;Varginha
3114006;CARMO DA MATA;3;Oliveira
3114105;CARMO DE MINAS;5;Varginha
3114204;CARMO DO CAJURU;3;Oliveira
3114303;CARMO DO PARANAÍBA;6;Patos de Minas
3114402;CARMO DO RIO CLARO;5;Passos
3114501;CARMÓPOLIS DE MINAS;3;Oliveira
3114550;CARNEIRINHO;7;Uberaba
3114600;CARRANCAS;5;Oliveira
3114709;CARVALHÓPOLIS;5;Pouso Alegre
3114808;CARVALHOS;4;Juiz de Fora
3114907;CASA GRANDE;3;Juiz de Fora
3115003;CASCALHO RICO;7;Uberlândia
3115102;CÁSSIA;5;Passos
3115201;CONCEIÇÃO DA BARRA DE MINAS;3;Oliveira
3115300;CATAGUASES;4;Juiz de Fora
3115359;CATAS ALTAS;3;Belo Horizonte
3115409;CATAS ALTAS DA NORUEGA;3;Juiz de Fora
3115458;CATUJI;2;Teófilo Otoni
3115474;CATUTI;1;Janaúba
3115508;CAXAMBU;5;Varginha
3115607;CEDRO DO ABAETÉ;3;Bambuí
3115706;CENTRAL DE MINAS;2;Governador Valadares
3115805;CENTRALINA;7;Uberlândia
3115904;CHÁCARA;4;Juiz de Fora
3116001;CHALÉ;4;Viçosa
3116100;CHAPADA DO NORTE;3;Guanhaes
3116159;CHAPADA GAÚCHA;1;Unaí
3116209;CHIADOR;4;Juiz de Fora
3116308;CIPOTÂNEA;4;Juiz de Fora
3116407;CLARAVAL;5;Passos
3116506;CLARO DOS POÇÕES;1;Montes Claros
3116605;CLÁUDIO;3;Oliveira
3116704;COIMBRA;4;Viçosa
3116803;COLUNA;3;Guanhaes
3116902;COMENDADOR GOMES;7;Uberaba
3117009;COMERCINHO;1;Almenara
3117108;CONCEIÇÃO DA APARECIDA;5;Passos
3117207;CONCEIÇÃO DAS PEDRAS;5;Pouso Alegre
3117306;CONCEIÇÃO DAS ALAGOAS;7;Uberaba
3117405;CONCEIÇÃO DE IPANEMA;3;Governador Valadares
3117504;CONCEIÇÃO DO MATO DENTRO;3;Guanhaes
3117603;CONCEIÇÃO DO PARÁ;3;Bambuí
3117702;CONCEIÇÃO DO RIO VERDE;5;Varginha
3117801;CONCEIÇÃO DOS OUROS;5;Pouso Alegre
3117836;CÔNEGO MARINHO;1;Montes Claros
3117876;CONFINS;3;Belo Horizonte
3117900;CONGONHAL;5;Pouso Alegre
3118007;CONGONHAS;3;Juiz de Fora
3118106;CONGONHAS DO NORTE;3;Guanhaes
3118205;CONQUISTA;6;Uberaba
3118304;CONSELHEIRO LAFAIETE;3;Juiz de Fora
3118403;CONSELHEIRO PENA;2;Governador Valadares
3118502;CONSOLAÇÃO;5;Pouso Alegre
3118601;CONTAGEM;3;Belo Horizonte
3118700;COQUEIRAL;5;Oliveira
3118809;CORAÇÃO DE JESUS;1;Montes Claros
3118908;CORDISBURGO;3;Curvelo
3119005;CORDISLÂNDIA;5;Varginha
3119104;CORINTO;1;Curvelo
3119203;COROACI;2;Guanhaes
3119302;COROMANDEL;6;Patrocínio
3119401;CORONEL FABRICIANO;3;Governador Valadares
3119500;CORONEL MURTA;1;Almenara
3119609;CORONEL PACHECO;4;Juiz de Fora
3119708;CORONEL XAVIER CHAVES;3;Oliveira
3119807;CÓRREGO DANTA;3;Bambuí
3119906;CÓRREGO DO BOM JESUS;5;Pouso Alegre
3119955;CÓRREGO FUNDO;3;Oliveira
3120003;CÓRREGO NOVO;3;Governador Valadares
3120102;COUTO DE MAGALHÃES DE MINAS;3;Curvelo
3120151;CRISÓLITA;1;Teófilo Otoni
3120201;CRISTAIS;3;Oliveira
3120300;CRISTÁLIA;1;Montes Claros
3120409;CRISTIANO OTONI;3;Juiz de Fora
3120508;CRISTINA;5;Pouso Alegre
3120607;CRUCILÂNDIA;3;Oliveira
3120706;CRUZEIRO DA FORTALEZA;6;Patrocínio
3120805;CRUZÍLIA;5;Varginha
3120839;CUPARAQUE;2;Governador Valadares
3120870;CURRAL DE DENTRO;1;Montes Claros
3120904;CURVELO;1;Curvelo
3121001;DATAS;3;Curvelo
3121100;DELFIM MOREIRA;5;Pouso Alegre
3121209;DELFINÓPOLIS;5;Passos
3121258;DELTA;7;Uberaba
3121308;DESCOBERTO;4;Juiz de Fora
3121407;DESTERRO DE ENTRE RIOS;3;Oliveira
3121506;DESTERRO DO MELO;3;Juiz de Fora
3121605;DIAMANTINA;3;Curvelo
3121704;DIOGO DE VASCONCELOS;4;Viçosa
3121803;DIONÍSIO;4;Viçosa
3121902;DIVINÉSIA;4;Juiz de Fora
3122009;DIVINO;4;Viçosa
3122108;DIVINO DAS LARANJEIRAS;2;Governador Valadares
3122207;DIVINOLÂNDIA DE MINAS;3;Guanhaes
3122306;DIVINÓPOLIS;3;Oliveira
3122355;DIVISA ALEGRE;1;Almenara
3122405;DIVISA NOVA;5;Passos
3122454;DIVISÓPOLIS;1;Almenara
3122470;DOM BOSCO;1;Unaí
3122504;DOM CAVATI;3;Governador Valadares
3122603;DOM JOAQUIM;3;Guanhaes
3122702;DOM SILVÉRIO;4;Viçosa
3122801;DOM VIÇOSO;5;Varginha
3122900;DONA EUZÉBIA;4;Juiz de Fora
3123007;DORES DE CAMPOS;3;Juiz de Fora
3123106;DORES DE GUANHÃES;3;Guanhaes
3123205;DORES DO INDAIÁ;3;Bambuí
3123304;DORES DO TURVO;4;Juiz de Fora
3123403;DORESÓPOLIS;3;Passos
3123502;DOURADOQUARA;6;Patrocínio
3123528;DURANDé;4;Viçosa
3123601;ELÓI MENDES;5;Varginha
3123700;ENGENHEIRO CALDAS;2;Governador Valadares
3123809;ENGENHEIRO NAVARRO;1;Montes Claros
3123858;ENTRE FOLHAS;3;Governador Valadares
3123908;ENTRE RIOS DE MINAS;3;Oliveira
3124005;ERVÁLIA;4;Juiz de Fora
3124104;ESMERALDAS;3;Belo Horizonte
3124203;ESPERA FELIZ;4;Viçosa
3124302;ESPINOSA;1;Janaúba
3124401;ESPÍRITO SANTO DO DOURADO;5;Pouso Alegre
3124500;ESTIVA;5;Pouso Alegre
3124609;ESTRELA DALVA;4;Juiz de Fora
3124708;ESTRELA DO INDAIÁ;3;Bambuí
3124807;ESTRELA DO SUL;6;Patrocínio
3124906;EUGENÓPOLIS;4;Viçosa
3125002;EWBANK DA CÂMARA;4;Juiz de Fora
3125101;EXTREMA;5;Pouso Alegre
3125200;FAMA;5;Passos
3125309;FARIA LEMOS;4;Viçosa
3125408;FELÍCIO DOS SANTOS;3;Curvelo
3125507;SÃO GONÇALO DO RIO PRETO;3;Curvelo
3125606;FELISBURGO;1;Almenara
3125705;FELIXLÂNDIA;3;Curvelo
3125804;FERNANDES TOURINHO;2;Governador Valadares
3125903;FERROS;3;Belo Horizonte
3125952;FERVEDOURO;4;Viçosa
3126000;FLORESTAL;3;Bambuí
3126109;FORMIGA;3;Oliveira
3126208;FORMOSO;1;Unaí
3126307;FORTALEZA DE MINAS;5;Passos
3126406;FORTUNA DE MINAS;3;Belo Horizonte
3126505;FRANCISCO BADARÓ;1;Almenara
3126604;FRANCISCO DUMONT;1;Montes Claros
3126703;FRANCISCO SÁ;1;Montes Claros
3126752;FRANCISCÓPOLIS;2;Teófilo Otoni
3126802;FREI GASPAR;2;Teófilo Otoni
3126901;FREI INOCÊNCIO;2;Teófilo Otoni
3126950;FREI LAGONEGRO;3;Guanhaes
3127008;FRONTEIRA;7;Uberaba
3127057;FRONTEIRA DOS VALES;1;Teófilo Otoni
3127073;FRUTA DE LEITE;1;Montes Claros
3127107;FRUTAL;7;Uberaba
3127206;FUNILÂNDIA;3;Belo Horizonte
3127305;GALILÉIA;2;Governador Valadares
3127339;GAMELEIRAS;1;Janaúba
3127354;GLAUCILÂNDIA;1;Montes Claros
3127370;GOIABEIRA;2;Governador Valadares
3127388;GOIANÁ;4;Juiz de Fora
3127404;GONÇALVES;5;Pouso Alegre
3127503;GONZAGA;3;Guanhaes
3127602;GOUVEIA;3;Curvelo
3127701;GOVERNADOR VALADARES;2;Governador Valadares
3127800;GRÃO MOGOL;1;Montes Claros
3127909;GRUPIARA;6;Patrocínio
3128006;GUANHÃES;3;Guanhaes
3128105;GUAPÉ;5;Oliveira
3128204;GUARACIABA;4;Viçosa
3128253;GUARACIAMA;1;Montes Claros
3128303;GUARANÉSIA;5;Passos
3128402;GUARANI;4;Juiz de Fora
3128501;GUARARÁ;4;Juiz de Fora
3128600;GUARDA-MOR;6;Patos de Minas
3128709;GUAXUPÉ;5;Passos
3128808;GUIDOVAL;4;Juiz de Fora
3128907;GUIMARÂNIA;6;Patrocínio
3129004;GUIRICEMA;4;Juiz de Fora
3129103;GURINHATÃ;7;Uberlândia
3129202;HELIODORA;5;Varginha
3129301;IAPU;3;Governador Valadares
3129400;IBERTIOGA;3;Juiz de Fora
3129509;IBIÁ;6;Patrocínio
3129608;IBIAÍ;1;Montes Claros
3129657;IBIRACATU;1;Montes Claros
3129707;IBIRACI;5;Passos
3129806;IBIRITÉ;3;Belo Horizonte
3129905;IBITIÚRA DE MINAS;5;Pouso Alegre
3130002;IBITURUNA;3;Oliveira
3130051;ICARAÍ DE MINAS;1;Montes Claros
3130101;IGARAPÉ;3;Belo Horizonte
3130200;IGARATINGA;3;Bambuí
3130309;IGUATAMA;3;Bambuí
3130408;IJACI;5;Oliveira
3130507;ILICÍNEA;5;Oliveira
3130556;IMBÉ DE MINAS;3;Governador Valadares
3130606;INCONFIDENTES;5;Pouso Alegre
3130655;INDAIABIRA;1;Montes Claros
3130705;INDIANÓPOLIS;7;Uberlândia
3130804;INGAÍ;5;Oliveira
3130903;INHAPIM;3;Governador Valadares
3131000;INHAÚMA;3;Belo Horizonte
3131109;INIMUTABA;1;Curvelo
3131158;IPABA;3;Governador Valadares
3131208;IPANEMA;3;Governador Valadares
3131307;IPATINGA;3;Governador Valadares
3131406;IPIAÇU;7;Uberlândia
3131505;IPUIÚNA;5;Pouso Alegre
3131604;IRAÍ DE MINAS;6;Patrocínio
3131703;ITABIRA;3;Belo Horizonte
3131802;ITABIRINHA DE MANTENA;2;Governador Valadares
3131901;ITABIRITO;3;Belo Horizonte
3132008;ITACAMBIRA;1;Montes Claros
3132107;ITACARAMBI;1;Janaúba
3132206;ITAGUARA;3;Oliveira
3132305;ITAIPÉ;2;Teófilo Otoni
3132404;ITAJUBÁ;5;Pouso Alegre
3132503;ITAMARANDIBA;3;Guanhaes
3132602;ITAMARATI DE MINAS;4;Juiz de Fora
3132701;ITAMBACURI;2;Teófilo Otoni
3132800;ITAMBÉ DO MATO DENTRO;3;Belo Horizonte
3132909;ITAMOGI;5;Passos
3133006;ITAMONTE;5;Varginha
3133105;ITANHANDU;5;Varginha
3133204;ITANHOMI;2;Governador Valadares
3133303;ITAOBIM;1;Almenara
3133402;ITAPAGIPE;7;Uberaba
3133600;ITAPEVA;5;Pouso Alegre
3133709;ITATIAIUÇU;3;Belo Horizonte
3133758;ITAÚ DE MINAS;5;Passos
3133808;ITAÚNA;3;Belo Horizonte
3133907;ITAVERAVA;3;Juiz de Fora
3134004;ITINGA;1;Almenara
3134103;ITUETA;2;Governador Valadares
3134202;ITUIUTABA;7;Uberlândia
3134301;ITUMIRIM;5;Oliveira
3134400;ITURAMA;7;Uberaba
3134509;ITUTINGA;5;Oliveira
3134608;JABOTICATUBAS;3;Belo Horizonte
3134707;JACINTO;1;Almenara
3134806;JACUÍ;5;Passos
3134905;JACUTINGA;5;Pouso Alegre
3135001;JAGUARAÇU;3;Governador Valadares
3135050;JAÍBA;1;Janaúba
3135076;JAMPRUCA;2;Teófilo Otoni
3135100;JANAÚBA;1;Janaúba
3135209;JANUÁRIA;1;Montes Claros
3135308;JAPARAÍBA;3;Bambuí
3135357;JAPONVAR;1;Montes Claros
3135407;JECEABA;3;Oliveira
3135456;JENIPAPO DE MINAS;1;Almenara
3133501;ITAPECERICA;3;Oliveira
3135506;JEQUERI;4;Viçosa
3135605;JEQUITAÍ;1;Curvelo
3135704;JEQUITIBÁ;3;Belo Horizonte
3135803;JEQUITINHONHA;1;Almenara
3135902;JESUÂNIA;5;Varginha
3136009;JOAÍMA;1;Almenara
3136108;JOANÉSIA;3;Governador Valadares
3136207;JOÃO MONLEVADE;4;Viçosa
3136306;JOÃO PINHEIRO;6;Unaí
3136405;JOAQUIM FELÍCIO;1;Montes Claros
3136504;JORDÂNIA;1;Almenara
3136520;JOSÉ GONÇALVES DE MINAS;1;Almenara
3136553;JOSÉ RAYDAN;2;Guanhaes
3136579;JOSENÓPOLIS;1;Montes Claros
3136603;NOVA UNIÃO;3;Belo Horizonte
3136652;JUATUBA;3;Belo Horizonte
3136702;JUIZ DE FORA;4;Juiz de Fora
3136801;JURAMENTO;1;Montes Claros
3136900;JURUAIA;5;Passos
3136959;JUVENÍLIA;1;Janaúba
3137007;LADAINHA;2;Teófilo Otoni
3137205;LAGOA DA PRATA;3;Bambuí
3137304;LAGOA DOS PATOS;1;Montes Claros
3137403;LAGOA DOURADA;3;Oliveira
3137502;LAGOA FORMOSA;6;Patos de Minas
3137536;LAGOA GRANDE;6;Patos de Minas
3137601;LAGOA SANTA;3;Belo Horizonte
3137106;LAGAMAR;6;Patos de Minas
3137700;LAJINHA;4;Viçosa
3137809;LAMBARI;5;Varginha
3137908;LAMIM;4;Juiz de Fora
3138005;LARANJAL;4;Juiz de Fora
3138104;LASSANCE;1;Curvelo
3138203;LAVRAS;5;Oliveira
3138302;LEANDRO FERREIRA;3;Bambuí
3138351;LEME DO PRADO;3;Guanhaes
3138401;LEOPOLDINA;4;Juiz de Fora
3138500;LIBERDADE;4;Juiz de Fora
3138609;LIMA DUARTE;4;Juiz de Fora
3138625;LIMEIRA DO OESTE;7;Uberaba
3138658;LONTRA;1;Montes Claros
3138674;LUISBURGO;4;Viçosa
3138682;LUISLÂNDIA;1;Montes Claros
3138708;LUMINÁRIAS;5;Oliveira
3138807;LUZ;3;Bambuí
3138906;MACHACALIS;1;Teófilo Otoni
3139003;MACHADO;5;Pouso Alegre
3139102;MADRE DE DEUS DE MINAS;5;Varginha
3139201;MALACACHETA;2;Teófilo Otoni
3139250;MAMONAS;1;Janaúba
3139300;MANGA;1;Janaúba
3139409;MANHUAÇU;4;Viçosa
3139508;MANHUMIRIM;4;Viçosa
3139607;MANTENA;2;Governador Valadares
3139706;MARAVILHAS;3;Bambuí
3139805;MAR DE ESPANHA;4;Juiz de Fora
3139904;MARIA DA FÉ;5;Pouso Alegre
3140001;MARIANA;3;Belo Horizonte
3140100;MARILAC;2;Governador Valadares
3140159;MÁRIO CAMPOS;3;Belo Horizonte
3140209;MARIPÁ DE MINAS;4;Juiz de Fora
3140308;MARLIÉRIA;3;Governador Valadares
3140407;MARMELÓPOLIS;5;Pouso Alegre
3140506;MARTINHO CAMPOS;3;Curvelo
3140530;MARTINS SOARES;4;Viçosa
3140555;MATA VERDE;1;Almenara
3140605;MATERLÂNDIA;3;Guanhaes
3140704;MATEUS LEME;3;Belo Horizonte
3140803;MATIAS BARBOSA;4;Juiz de Fora
3140852;MATIAS CARDOSO;1;Janaúba
3140902;MATIPÓ;4;Viçosa
3141009;MATO VERDE;1;Janaúba
3141108;MATOZINHOS;3;Belo Horizonte
3141207;MATUTINA;6;Patos de Minas
3141306;MEDEIROS;3;Bambuí
3141405;MEDINA;1;Almenara
3141504;MENDES PIMENTEL;2;Governador Valadares
3141603;MERCÊS;4;Juiz de Fora
3141702;MESQUITA;3;Governador Valadares
3141801;MINAS NOVAS;3;Guanhaes
3141900;MINDURI;5;Varginha
3142007;MIRABELA;1;Montes Claros
3142106;MIRADOURO;4;Viçosa
3142205;MIRAÍ;4;Juiz de Fora
3142254;MIRAVÂNIA;1;Janaúba
3142304;MOEDA;3;Belo Horizonte
3142403;MOEMA;3;Bambuí
3142502;MONJOLOS;1;Curvelo
3142601;MONSENHOR PAULO;5;Varginha
3142700;MONTALVÂNIA;1;Janaúba
3142809;MONTE ALEGRE DE MINAS;7;Uberlândia
3142908;MONTE AZUL;1;Janaúba
3143005;MONTE BELO;5;Passos
3143104;MONTE CARMELO;6;Patrocínio
3143153;MONTE FORMOSO;1;Almenara
3143203;MONTE SANTO DE MINAS;5;Passos
3143302;MONTES CLAROS;1;Montes Claros
3143401;MONTE SIÃO;5;Pouso Alegre
3143450;MONTEZUMA;1;Montes Claros
3143500;MORADA NOVA DE MINAS;3;Bambuí
3143609;MORRO DA GARÇA;1;Curvelo
3143708;MORRO DO PILAR;3;Guanhaes
3143807;MUNHOZ;5;Pouso Alegre
3143906;MURIAÉ;4;Viçosa
3144003;MUTUM;2;Governador Valadares
3144102;MUZAMBINHO;5;Passos
3144201;NACIP RAYDAN;2;Guanhaes
3144300;NANUQUE;2;Teófilo Otoni
3144359;NAQUE;3;Governador Valadares
3144375;NATALÂNDIA;1;Unaí
3144409;NATÉRCIA;5;Varginha
3144508;NAZARENO;3;Oliveira
3144607;NEPOMUCENO;3;Oliveira
3144656;NINHEIRA;1;Montes Claros
3144672;NOVA BELÉM;2;Governador Valadares
3144706;NOVA ERA;4;Viçosa
3144805;NOVA LIMA;3;Belo Horizonte
3144904;NOVA MÓDICA;2;Teófilo Otoni
3145000;NOVA PONTE;7;Uberaba
3145059;NOVA PORTEIRINHA;1;Janaúba
3145109;NOVA RESENDE;5;Passos
3145208;NOVA SERRANA;3;Bambuí
3145307;NOVO CRUZEIRO;2;Teófilo Otoni
3145356;NOVO ORIENTE DE MINAS;2;Teófilo Otoni
3145372;NOVORIZONTE;1;Montes Claros
3145406;OLARIA;4;Juiz de Fora
3145455;OLHOS D'ÁGUA;1;Montes Claros
3145505;OLÍMPIO NORONHA;5;Varginha
3145604;OLIVEIRA;3;Oliveira
3145703;OLIVEIRA FORTES;4;Juiz de Fora
3145802;ONÇA DE PITANGUI;3;Bambuí
3145851;ORATÓRIOS;4;Viçosa
3145877;ORIZÂNIA;4;Viçosa
3145901;OURO BRANCO;3;Juiz de Fora
3146008;OURO FINO;5;Pouso Alegre
3146107;OURO PRETO;3;Belo Horizonte
3146206;OURO VERDE DE MINAS;2;Teófilo Otoni
3146255;PADRE CARVALHO;1;Montes Claros
3146305;PADRE PARAÍSO;2;Teófilo Otoni
3146404;PAINEIRAS;3;Bambuí
3146503;PAINS;3;Bambuí
3146552;PAI PEDRO;1;Janaúba
3146602;PAIVA;4;Juiz de Fora
3146701;PALMA;4;Juiz de Fora
3146750;PALMÓPOLIS;1;Almenara
3146909;PAPAGAIOS;3;Curvelo
3147006;PARACATU;6;Unaí
3147105;PARÁ DE MINAS;3;Bambuí
3147204;PARAGUAÇU;5;Pouso Alegre
3147303;PARAISÓPOLIS;5;Pouso Alegre
3147402;PARAOPEBA;3;Curvelo
3147501;PASSABÉM;3;Belo Horizonte
3147600;PASSA QUATRO;5;Varginha
3147709;PASSA TEMPO;3;Oliveira
3147808;PASSA-VINTE;4;Juiz de Fora
3147907;PASSOS;5;Passos
3147956;PATIS;1;Montes Claros
3148004;PATOS DE MINAS;6;Patos de Minas
3148103;PATROCÍNIO;6;Patrocínio
3148202;PATROCÍNIO DO MURIAÉ;4;Viçosa
3148301;PAULA CÂNDIDO;4;Juiz de Fora
3148400;PAULISTAS;3;Guanhaes
3148509;PAVÃO;2;Teófilo Otoni
3148608;PEÇANHA;2;Guanhaes
3148707;PEDRA AZUL;1;Almenara
3148756;PEDRA BONITA;4;Viçosa
3148806;PEDRA DO ANTA;4;Viçosa
3148905;PEDRA DO INDAIÁ;3;Bambuí
3149002;PEDRA DOURADA;4;Viçosa
3149101;PEDRALVA;5;Pouso Alegre
3149150;PEDRAS DE MARIA DA CRUZ;1;Montes Claros
3149200;PEDRINÓPOLIS;6;Patrocínio
3149309;PEDRO LEOPOLDO;3;Belo Horizonte
3149408;PEDRO TEIXEIRA;4;Juiz de Fora
3149507;PEQUERI;4;Juiz de Fora
3149606;PEQUI;3;Bambuí
3149705;PERDIGÃO;3;Bambuí
3149804;PERDIZES;6;Patrocínio
3149903;PERDÕES;3;Oliveira
3149952;PERIQUITO;3;Governador Valadares
3150000;PESCADOR;2;Teófilo Otoni
3150109;PIAU;4;Juiz de Fora
3150158;PIEDADE DE CARATINGA;3;Governador Valadares
3150208;PIEDADE DE PONTE NOVA;4;Viçosa
3150307;PIEDADE DO RIO GRANDE;5;Varginha
3150406;PIEDADE DOS GERAIS;3;Belo Horizonte
3150505;PIMENTA;3;Passos
3150539;PINGO-D'ÁGUA;3;Governador Valadares
3150570;PINTÓPOLIS;1;Montes Claros
3150604;PIRACEMA;3;Oliveira
3150703;PIRAJUBA;7;Uberaba
3150802;PIRANGA;3;Juiz de Fora
3150901;PIRANGUÇU;5;Pouso Alegre
3151008;PIRANGUINHO;5;Pouso Alegre
3151107;PIRAPETINGA;4;Juiz de Fora
3151206;PIRAPORA;1;Curvelo
3151305;PIRAÚBA;4;Juiz de Fora
3151404;PITANGUI;3;Bambuí
3151503;PIUMHI;3;Passos
3151602;PLANURA;7;Uberaba
3151701;POÇO FUNDO;5;Pouso Alegre
3151800;POÇOS DE CALDAS;5;Pouso Alegre
3151909;POCRANE;3;Governador Valadares
3152006;POMPÉU;3;Curvelo
3152105;PONTE NOVA;4;Viçosa
3152131;PONTO CHIQUE;1;Montes Claros
3152170;PONTO DOS VOLANTES;1;Almenara
3152204;PORTEIRINHA;1;Janaúba
3152303;PORTO FIRME;4;Viçosa
3152402;POTÉ;2;Teófilo Otoni
3152501;POUSO ALEGRE;5;Pouso Alegre
3152600;POUSO ALTO;5;Varginha
3152709;PRADOS;3;Oliveira
3152808;PRATA;7;Uberlândia
3152907;PRATÁPOLIS;5;Passos
3153004;PRATINHA;6;Patrocínio
3153103;PRESIDENTE BERNARDES;4;Juiz de Fora
3153202;PRESIDENTE JUSCELINO;1;Curvelo
3153301;PRESIDENTE KUBITSCHEK;3;Curvelo
3153400;PRESIDENTE OLEGÁRIO;6;Patos de Minas
3153509;ALTO JEQUITIBÁ;4;Viçosa
3153608;PRUDENTE DE MORAIS;3;Belo Horizonte
3153707;QUARTEL GERAL;3;Bambuí
3153806;QUELUZITO;3;Juiz de Fora
3153905;RAPOSOS;3;Belo Horizonte
3154002;RAUL SOARES;4;Viçosa
3154101;RECREIO;4;Juiz de Fora
3154150;REDUTO;4;Viçosa
3154200;RESENDE COSTA;3;Oliveira
3156304;RODEIRO;4;Juiz de Fora
3154309;RESPLENDOR;2;Governador Valadares
3154408;RESSAQUINHA;3;Juiz de Fora
3154457;RIACHINHO;1;Unaí
3154507;RIACHO DOS MACHADOS;1;Janaúba
3154606;RIBEIRÃO DAS NEVES;3;Belo Horizonte
3154705;RIBEIRÃO VERMELHO;3;Oliveira
3154804;RIO ACIMA;3;Belo Horizonte
3154903;RIO CASCA;4;Viçosa
3155009;RIO DOCE;4;Viçosa
3155108;RIO DO PRADO;1;Almenara
3155207;RIO ESPERA;4;Juiz de Fora
3155306;RIO MANSO;3;Oliveira
3155405;RIO NOVO;4;Juiz de Fora
3155504;RIO PARANAÍBA;6;Patos de Minas
3168002;TAIOBEIRAS;1;Montes Claros
3155603;RIO PARDO DE MINAS;1;Montes Claros
3155702;RIO PIRACICABA;4;Viçosa
3155801;RIO POMBA;4;Juiz de Fora
3155900;RIO PRETO;4;Juiz de Fora
3156007;RIO VERMELHO;3;Guanhaes
3156106;RITÁPOLIS;3;Oliveira
3156205;ROCHEDO DE MINAS;4;Juiz de Fora
3156403;ROMARIA;6;Patrocínio
3156452;ROSÁRIO DA LIMEIRA;4;Viçosa
3156502;RUBELITA;1;Montes Claros
3156601;RUBIM;1;Almenara
3156700;SABARÁ;3;Belo Horizonte
3156809;SABINÓPOLIS;3;Guanhaes
3156908;SACRAMENTO;6;Uberaba
3157005;SALINAS;1;Montes Claros
3157104;SALTO DA DIVISA;1;Almenara
3157203;SANTA BÁRBARA;3;Belo Horizonte
3157252;SANTA BÁRBARA DO LESTE;3;Governador Valadares
3157278;SANTA BÁRBARA DO MONTE VERDE;4;Juiz de Fora
3157302;SANTA BÁRBARA DO TUGÚRIO;4;Juiz de Fora
3157336;SANTA CRUZ DE MINAS;3;Oliveira
3157377;SANTA CRUZ DE SALINAS;1;Montes Claros
3157401;SANTA CRUZ DO ESCALVADO;4;Viçosa
3157500;SANTA EFIGÊNIA DE MINAS;3;Guanhaes
3157609;SANTA FÉ DE MINAS;1;Montes Claros
3157658;SANTA HELENA DE MINAS;1;Teófilo Otoni
3157708;SANTA JULIANA;6;Patrocínio
3157807;SANTA LUZIA;3;Belo Horizonte
3157906;SANTA MARGARIDA;4;Viçosa
3158003;SANTA MARIA DE ITABIRA;3;Belo Horizonte
3158102;SANTA MARIA DO SALTO;1;Almenara
3158201;SANTA MARIA DO SUAÇUÍ;2;Guanhaes
3158300;SANTANA DA VARGEM;5;Varginha
3158409;SANTANA DE CATAGUASES;4;Juiz de Fora
3158508;SANTANA DE PIRAPAMA;3;Curvelo
3158607;SANTANA DO DESERTO;4;Juiz de Fora
3158706;SANTANA DO GARAMBÉU;5;Varginha
3158805;SANTANA DO JACARÉ;3;Oliveira
3158904;SANTANA DO MANHUAÇU;4;Viçosa
3158953;SANTANA DO PARAÍSO;3;Governador Valadares
3159001;SANTANA DO RIACHO;3;Belo Horizonte
3159100;SANTANA DOS MONTES;3;Juiz de Fora
3159209;SANTA RITA DE CALDAS;5;Pouso Alegre
3159308;SANTA RITA DE JACUTINGA;4;Juiz de Fora
3159357;SANTA RITA DE MINAS;3;Governador Valadares
3159407;SANTA RITA DE IBITIPOCA;3;Juiz de Fora
3159506;SANTA RITA DO ITUETO;2;Governador Valadares
3159605;SANTA RITA DO SAPUCAÍ;5;Pouso Alegre
3159704;SANTA ROSA DA SERRA;6;Patos de Minas
3159803;SANTA VITÓRIA;7;Uberlândia
3159902;SANTO ANTÔNIO DO AMPARO;3;Oliveira
3160009;SANTO ANTÔNIO DO AVENTUREIRO;4;Juiz de Fora
3160108;SANTO ANTÔNIO DO GRAMA;4;Viçosa
3160207;SANTO ANTÔNIO DO ITAMBÉ;3;Curvelo
3160306;SANTO ANTÔNIO DO JACINTO;1;Almenara
3160405;SANTO ANTÔNIO DO MONTE;3;Bambuí
3160454;SANTO ANTÔNIO DO RETIRO;1;Montes Claros
3160504;SANTO ANTÔNIO DO RIO ABAIXO;3;Guanhaes
3160603;SANTO HIPÓLITO;1;Curvelo
3160702;SANTOS DUMONT;4;Juiz de Fora
3160801;SÃO BENTO ABADE;5;Varginha
3160900;SÃO BRÁS DO SUAÇUÍ;3;Oliveira
3160959;SÃO DOMINGOS DAS DORES;3;Governador Valadares
3161007;SÃO DOMINGOS DO PRATA;4;Viçosa
3161056;SÃO FÉLIX DE MINAS;2;Governador Valadares
3161106;SÃO FRANCISCO;1;Montes Claros
3161205;SÃO FRANCISCO DE PAULA;3;Oliveira
3161304;SÃO FRANCISCO SALES;7;Uberaba
3161403;SÃO FRANCISCO DO GLÓRIA;4;Viçosa
3161502;SÃO GERALDO;4;Juiz de Fora
3161601;SÃO GERALDO DA PIEDADE;2;Governador Valadares
3161650;SÃO GERALDO DO BAIXIO;2;Governador Valadares
3161700;SÃO GONÇALO DO ABAETÉ;6;Patos de Minas
3161809;SÃO GONÇALO DO PARÁ;3;Oliveira
3161908;SÃO GONÇALO DO RIO ABAIXO;3;Belo Horizonte
3162005;SÃO GONÇALO DO SAPUCAÍ;5;Varginha
3162104;SÃO GOTARDO;6;Patos de Minas
3162203;SÃO JOÃO BATISTA DO GLÓRIA;5;Passos
3162252;SÃO JOÃO DA LAGOA;1;Montes Claros
3162302;SÃO JOÃO DA MATA;5;Pouso Alegre
3162401;SÃO JOÃO DA PONTE;1;Montes Claros
3162922;SÃO JOAQUIM DE BICAS;3;Belo Horizonte
3162450;SÃO JOÃO DAS MISSÕES;1;Janaúba
3162500;SÃO JOÃO DEL REI;3;Oliveira
3162559;SÃO JOÃO DO MANHUAÇU;4;Viçosa
3162575;SÃO JOÃO DO MANTENINHA;2;Governador Valadares
3162609;SÃO JOÃO DO ORIENTE;3;Governador Valadares
3162658;SÃO JOÃO DO PACUÍ;1;Montes Claros
3162708;SÃO JOÃO DO PARAÍSO;1;Montes Claros
3162807;SÃO JOÃO EVANGELISTA;3;Guanhaes
3162906;SÃO JOÃO NEPOMUCENO;4;Juiz de Fora
3162948;SÃO JOSÉ DA BARRA;5;Passos
3162955;SÃO JOSÉ DA LAPA;3;Belo Horizonte
3163003;SÃO JOSÉ DA SAFIRA;2;Teófilo Otoni
3163102;SÃO JOSÉ DA VARGINHA;3;Bambuí
3163201;SÃO JOSÉ DO ALEGRE;5;Pouso Alegre
3163300;SÃO JOSÉ DO DIVINO;2;Teófilo Otoni
3163409;SÃO JOSÉ DO GOIABAL;4;Viçosa
3163508;SÃO JOSÉ DO JACURI;3;Guanhaes
3163607;SÃO JOSÉ DO MANTIMENTO;3;Governador Valadares
3163706;SÃO LOURENÇO;5;Varginha
3163805;SÃO MIGUEL DO ANTA;4;Viçosa
3163904;SÃO PEDRO DA UNIÃO;5;Passos
3164001;SÃO PEDRO DOS FERROS;4;Viçosa
3164100;SÃO PEDRO DO SUAÇUÍ;2;Guanhaes
3164209;SÃO ROMÃO;1;Montes Claros
3164308;SÃO ROQUE DE MINAS;3;Passos
3164407;SÃO SEBASTIÃO DA BELA VISTA;5;Pouso Alegre
3164431;SÃO SEBASTIÃO DA VARGEM ALEGRE;4;Juiz de Fora
3164472;SÃO SEBASTIÃO DO ANTA;3;Governador Valadares
3164506;SÃO SEBASTIÃO DO MARANHÃO;3;Guanhaes
3164605;SÃO SEBASTIÃO DO OESTE;3;Oliveira
3164704;SÃO SEBASTIÃO DO PARAÍSO;5;Passos
3164803;SÃO SEBASTIÃO DO RIO PRETO;3;Belo Horizonte
3164902;SÃO SEBASTIÃO DO RIO VERDE;5;Varginha
3165008;SÃO TIAGO;3;Oliveira
3165107;SÃO TOMÁS DE AQUINO;5;Passos
3165206;SÃO THOMÉ DAS LETRAS;5;Varginha
3165305;SÃO VICENTE DE MINAS;5;Varginha
3165404;SAPUCAÍ-MIRIM;5;Pouso Alegre
3165503;SARDOÁ;3;Guanhaes
3165537;SARZEDO;3;Belo Horizonte
3165552;SETUBINHA;2;Teófilo Otoni
3165560;SEM PEIXE;4;Viçosa
3165578;SENADOR AMARAL;5;Pouso Alegre
3165602;SENADOR CORTES;4;Juiz de Fora
3165701;SENADOR FIRMINO;4;Juiz de Fora
3165800;SENADOR JOSÉ BENTO;5;Pouso Alegre
3165909;SENADOR MODESTINO GONÇALVES;3;Curvelo
3166006;SENHORA DE OLIVEIRA;4;Juiz de Fora
3166105;SENHORA DO PORTO;3;Guanhaes
3166204;SENHORA DOS REMÉDIOS;3;Juiz de Fora
3166303;SERICITA;4;Viçosa
3166402;SERITINGA;4;Juiz de Fora
3166501;SERRA AZUL DE MINAS;3;Guanhaes
3166600;SERRA DA SAUDADE;3;Bambuí
3166709;SERRA DOS AIMORÉS;2;Teófilo Otoni
3166808;SERRA DO SALITRE;6;Patrocínio
3166907;SERRANIA;5;Passos
3166956;SERRANÓPOLIS DE MINAS;1;Janaúba
3167004;SERRANOS;4;Juiz de Fora
3167103;SERRO;3;Curvelo
3167202;SETE LAGOAS;3;Belo Horizonte
3167301;SILVEIRÂNIA;4;Juiz de Fora
3167400;SILVIANÓPOLIS;5;Pouso Alegre
3167509;SIMÃO PEREIRA;4;Juiz de Fora
3167608;SIMONÉSIA;4;Viçosa
3167707;SOBRÁLIA;2;Governador Valadares
3167806;SOLEDADE DE MINAS;5;Varginha
3167905;TABULEIRO;4;Juiz de Fora
3168051;TAPARUBA;3;Governador Valadares
3168101;TAPIRA;6;Uberaba
3168101;TAPIRA;3;Uberaba
3168200;TAPIRAÍ;3;Bambuí
3168309;TAQUARAÇU DE MINAS;3;Belo Horizonte
3168408;TARUMIRIM;2;Governador Valadares
3168507;TEIXEIRAS;4;Viçosa
3168606;TEÓFILO OTONI;2;Teófilo Otoni
3168705;TIMÓTEO;3;Governador Valadares
3168804;TIRADENTES;3;Oliveira
3168903;TIROS;6;Patos de Minas
3169000;TOCANTINS;4;Juiz de Fora
3169059;TOCOS DO MOJI;5;Pouso Alegre
3169109;TOLEDO;5;Pouso Alegre
3169208;TOMBOS;4;Viçosa
3169307;TRÊS CORAÇÕES;5;Varginha
3169356;TRÊS MARIAS;3;Curvelo
3169406;TRÊS PONTAS;5;Varginha
3169604;TUPACIGUARA;7;Uberlândia
3169505;TUMIRITINGA;2;Governador Valadares
3169703;TURMALINA;3;Guanhaes
3169802;TURVOLÂNDIA;5;Varginha
3169901;UBÁ;4;Juiz de Fora
3170008;UBAÍ;1;Montes Claros
3170057;UBAPORANGA;3;Governador Valadares
3170107;UBERABA;7;Uberaba
3170206;UBERLÂNDIA;7;Uberlândia
3170305;UMBURATIBA;1;Teófilo Otoni
3170404;UNAÍ;1;Unaí
3170438;UNIÃO DE MINAS;7;Uberaba
3170479;URUANA DE MINAS;1;Unaí
3170503;URUCÂNIA;4;Viçosa
3170529;URUCUIA;1;Unaí
3170578;VARGEM ALEGRE;3;Governador Valadares
3170602;VARGEM BONITA;3;Passos
3170651;VARGEM GRANDE DO RIO PARDO;1;Montes Claros
3170701;VARGINHA;5;Varginha
3170750;VARJÃO DE MINAS;6;Patos de Minas
3170800;VÁRZEA DA PALMA;1;Curvelo
3170909;VARZELÂNDIA;1;Montes Claros
3171006;VAZANTE;6;Patos de Minas
3171030;VERDELÂNDIA;1;Janaúba
3171071;VEREDINHA;3;Guanhaes
3171105;VERÍSSIMO;7;Uberaba
3171154;VERMELHO NOVO;4;Viçosa
3171204;VESPASIANO;3;Belo Horizonte
3171303;VIÇOSA;4;Viçosa
3171402;VIEIRAS;4;Viçosa
3171501;MATHIAS LOBATO;2;Governador Valadares
3171600;VIRGEM DA LAPA;1;Almenara
3171709;VIRGÍNIA;5;Varginha
3171808;VIRGINÓPOLIS;3;Guanhaes
3171907;VIRGOLÂNDIA;2;Guanhaes
3172004;VISCONDE DO RIO BRANCO;4;Juiz de Fora
3172103;VOLTA GRANDE;4;Juiz de Fora
3172202;WENCESLAU BRAZ;5;Pouso Alegre
;;;
;;;
;;;
;;;
;;;
;;;
;;;
;;;
;;;
;;;
;;;
;;;
;;;
;;;
;;;
;;;
;;;
;;;
;;;
;;;
;;;
;;;
;;;
;;;
;;;
;;;
;;;
;;;
;;;
;;;
;;;
;;;
;;;
;;;
;;;
;;;
;;;
;;;
;;;
;;;
;;;
;;;
;;;
;;;
;;;
;;;
;;;
;;;
;;;
;;;
;;;
;;;
;;;
;;;
;;;
;;;
;;;
;;;
;;;
;;;
;;;
;;;
;;;
;;;
;;;
;;;
;;;
;;;
;;;
;;;
;;;
;;;
;;;
;;;
;;;
;;;
;;;
;;;
;;;
;;;
;;;
;;;
;;;
;;;
;;;
;;;
;;;
;;;
;;;
;;;
;;;
;;;
;;;
;;;
;;;
;;;
;;;
;;;
;;;
;;;
;;;
;;;
;;;
;;;
;;;
;;;
;;;
;;;
;;;
;;;
;;;
;;;
;;;
;;;
;;;
;;;
;;;
;;;
;;;
;;;
;;;
;;;
;;;
;;;
;;;
;;;
;;;
;;;
;;;
;;;
;;;
;;;
;;;
;;;
;;;
;;;
;;;
;;;
;;;
;;;
;;;
;;;
;;;
;;;
;;;
;;;
;;;
;;;
;;;
;;;
;;;
;;;
;;;
;;;
;;;
;;;
;;;
;;;
;;;
;;;
;;;
;;;
;;;
;;;
;;;
;;;
;;;
;;;
;;;
;;;
;;;
;;;
;;;
;;;
;;;
;;;
;;;
;;;
;;;
;;;
;;;
;;;
;;;
;;;
;;;
;;;
;;;
;;;
;;;
;;;
;;;
;;;
;;;
;;;
;;;
;;;
;;;
;;;
;;;
;;;
;;;
;;;
;;;
;;;
;;;
;;;
;;;
;;;
;;;
;;;
;;;
;;;
;;;
;;;
;;;
;;;
;;;
;;;
;;;
;;;
;;;
;;;
;;;
;;;
;;;
;;;
;;;
;;;
;;;
;;;
;;;
;;;
;;;
;;;
;;;
;;;
;;;
;;;
;;;
;;;
;;;
;;;
;;;
;;;
;;;
;;;
;;;
;;;
;;;
;;;
;;;
;;;
;;;
;;;
;;;
;;;
;;;
;;;
;;;
;;;
;;;
;;;
;;;
;;;
;;;
;;;
;;;
;;;
;;;
;;;
;;;
;;;
;;;
;;;
;;;
;;;
;;;
;;;
;;;
;;;
;;;
;;;
;;;
;;;
;;;
;;;
;;;
;;;
;;;
;;;
;;;
;;;
;;;
;;;
;;;
;;;
;;;
;;;
;;;
;;;
;;;
;;;
;;;
;;;
;;;
;;;
;;;
;;;
;;;
;;;
;;;
;;;
;;;
;;;
;;;
;;;
;;;
;;;
;;;
;;;
;;;
;;;
;;;
;;;
;;;
;;;
;;;
;;;
;;;
;;;
;;;
;;;
;;;
;;;
;;;
;;;
;;;
;;;
;;;
;;;
;;;
;;;
;;;
;;;
;;;
;;;
;;;
;;;
;;;
;;;
;;;
;;;
;;;
;;;
;;;
;;;
;;;
;;;
;;;
;;;
;;;
;;;
;;;
;;;
;;;
;;;
;;;
;;;
;;;
;;;
;;;
;;;
;;;
;;;
;;;
;;;
;;;
;;;
;;;
;;;
;;;
;;;
;;;
;;;
;;;
;;;
;;;
;;;
;;;
;;;
;;;
;;;
;;;
;;;
;;;
;;;
;;;
;;;
;;;
;;;
;;;
;;;
;;;
;;;
;;;
;;;
;;;
;;;
;;;
;;;
;;;
;;;
;;;
;;;
;;;
;;;
;;;
;;;
;;;
;;;
;;;
;;;
;;;
;;;
;;;
;;;
;;;
;;;
;;;
;;;
;;;
;;;
;;;
;;;
;;;
;;;
;;;
;;;
;;;
;;;
;;;
;;;
;;;
;;;
;;;
;;;
;;;
;;;
;;;
;;;
;;;
;;;
;;;
;;;
;;;
;;;
;;;
;;;
;;;
;;;
;;;
;;;
;;;
;;;
;;;
;;;
;;;
;;;
;;;
;;;
;;;
;;;
;;;
;;;
;;;
;;;
;;;
;;;
;;;
;;;
;;;
;;;
;;;
;;;
;;;
;;;
;;;
;;;
;;;
;;;
;;;
;;;
;;;
;;;
;;;
;;;
;;;
;;;
;;;
;;;
;;;
;;;
;;;
;;;
;;;
;;;
;;;
;;;
;;;
;;;
;;;
;;;
;;;
;;;
;;;
;;;
;;;
;;;
;;;
;;;
;;;
;;;
;;;
;;;
;;;
;;;
;;;
;;;
;;;
;;;
;;;
;;;
;;;
;;;
;;;
;;;
;;;
;;;
;;;
;;;
;;;
;;;
;;;
;;;
;;;
;;;
;;;
;;;
;;;
;;;
;;;
;;;
;;;
;;;
;;;
;;;
;;;
;;;
;;;
;;;
;;;
;;;
;;;
;;;
;;;
;;;
;;;
;;;
;;;
;;;
;;;
;;;
;;;
;;;
;;;
;;;
;;;
;;;
;;;
;;;
;;;
;;;
;;;
;;;
;;;
;;;
;;;
;;;
;;;
;;;
;;;
;;;
;;;
;;;
;;;
;;;
;;;
;;;
;;;
;;;
;;;
;;;
;;;
;;;
;;;
;;;
;;;
;;;
;;;
;;;
;;;
;;;
;;;
;;;
;;;
;;;
;;;
;;;
;;;
;;;
;;;
;;;
;;;
;;;
;;;
;;;
;;;
;;;
;;;
;;;
;;;
;;;
;;;
;;;
;;;
;;;
;;;
;;;
;;;
;;;
;;;
;;;
;;;
;;;
;;;
;;;
;;;
;;;
;;;
;;;
;;;
;;;
;;;
;;;
;;;
;;;
;;;
;;;
;;;
;;;
;;;
;;;
;;;
;;;
;;;
;;;
;;;
;;;
;;;
;;;
;;;
;;;
;;;
;;;
;;;
;;;
;;;
;;;
;;;
;;;
;;;
;;;
;;;
;;;
;;;
;;;
;;;
;;;
;;;
;;;
;;;
;;;
;;;
;;;
;;;
;;;
;;;
;;;
;;;
;;;
;;;
;;;
;;;
;;;
;;;
;;;
;;;
;;;
;;;
;;;
;;;
;;;
;;;
;;;
;;;
;;;
;;;
;;;
;;;
;;;
;;;
;;;
;;;
;;;
;;;
;;;
;;;
;;;
;;;
;;;
;;;
;;;
;;;
;;;
;;;
;;;
;;;
;;;
;;;
;;;
;;;
;;;
;;;
;;;
;;;
;;;
;;;
;;;
;;;
;;;
;;;
;;;
;;;
;;;
;;;
;;;
;;;
;;;
;;;
;;;
;;;
;;;
;;;
;;;
;;;
;;;
;;;
;;;
;;;
;;;
;;;
;;;
;;;
;;;
;;;
;;;
;;;
;;;
;;;
;;;
;;;
;;;
;;;
;;;
;;;
;;;
;;;
;;;
